[
    {
        "id": 1,
        "username": "time",
        "name": "wrz",
        "type":"tpl",
        "version": "1.1",
        "date": "01/11/18",
        "pic":"http://www.emlog.net/addons/templates/821/icon/70b0400ee3cac61998ccd3c7a7c2791b.png",
        "des": "分享大家一款emlog时间轴演示模版，记录生活点点滴滴.",
        "remark": "http://www.emlog.net/template/download/821"
    },
    {
        "id": 2,
        "username": "心蓝时间轴",
        "name": "陈子文",
        "type":"tpl",
        "version": "1.0",
        "date": "01/01/18",
        "pic":"http://www.emlog.net/addons/templates/813/icon/91c9efae0692a46f61ed397f12327a0f.jpg",
        "des": "这款模板的UI是杨青设计的，我只是代码的搬运工，如果你觉得喜欢，可以下载下来安装，模板自带三个风格，当然，你也可以自己更换风格。这款主题叫做《心蓝时间轴》，使用css3技术实现网站动画效果，主要模块是时间轴部分.主题颜色为蓝色.",
        "remark": "http://www.emlog.net/template/download/813"
    },
    {
        "id": 3,
        "username": "fys",
        "name": "会飞的鱼",
         "type":"tpl",
        "version": "1.7",
        "date": "07/19/17",
        "pic":"http://www.emlog.net/addons/templates/811/5f76c6c84a93afb015c2d400952de85c.jpg",
        "des": "本模板是由dux4.0版本二次开发，具有简单易懂、主题鲜明、美观大方、功能丰富等有点，更有强劲的整体格局全部整改，整个页面更加美观，更加漂亮！",
        "remark": "http://www.emlog.net/template/download/811"
    },
    {
        "id": 4,
        "username": "pintuerx",
        "name": "甜菜欣欣",
         "type":"tpl",
        "version": "1.1",
        "date": "09/03/17",
        "pic":"https://cn.ibossnewyork.com/wp-content/uploads/data/img/PintuerX.jpg",
        "des": "拼图响应式前端框架模板",
        "remark": "https://cn.ibossnewyork.com/wp-content/uploads/data/app/PintuerX.zip"
    },
    {
        "id": 5,
        "username": "fly免费版",
        "name": "Finally",
         "type":"tpl",
        "version": "1.4",
        "date": "02/03/18",
        "pic":"https://cn.ibossnewyork.com/wp-content/uploads/data/img/fly.jpg",
        "des": "<font color=red>＊</font>该主题为Finally原创主题<br><font color=red>＊</font>采用Bootstrap框架<br><font color=red>＊</font>响应式设计,全站Pjax<br><font color=red>＊</font>该版本为免费开源版，不提供任何售后服务",
        "remark": "https://cn.ibossnewyork.com/wp-content/uploads/data/app/FLY.zip"
    },
{
        "id": 23,
        "username": "sitemap",
        "name": "奇遇",
         "type":"pls",
        "version": "2.0",
        "date": "02/10/18",
        "pic":"https://coding.net/u/FLYERCN/p/sitemap-master/git/raw/master/preview.jpeg",
        "des": "生成sitemap，供搜索引擎抓取，有助于博客收录.",
        "remark": "https://cn.ibossnewyork.com/wp-content/uploads/data/app/sitemap.zip"
    },
    {
        "id": 24,
        "username": "模板设置",
        "name": "奇遇",
         "type":"pls",
        "version": "2.3",
        "date": "02/17/18",
        "pic":"https://raw.githubusercontent.com/emlog-plus/tpl_options/master/preview.jpg",
        "des": "一直以来，emlog走的轻量级路线，没有集成模板后台设置，于是很多功能强大的模板不得不在需要的时候，修改文件以改变设置。那么，有了这个插件以后，就可以不用如此纠结了，只要模板按照开发规范来开发，就可以使用本插件在后台进行设置了.",
        "remark": "https://cn.ibossnewyork.com/wp-content/uploads/data/app/tpl_options.zip"
    },
    {
        "id": 25,
        "username": "文章归档",
        "name": "麦特佐罗",
         "type":"pls",
        "version": "1.0",
        "date": "01/15/18",
        "pic":"https://coding.net/u/FLYERCN/p/archiver-master/git/raw/master/preview.jpeg",
        "des": "将你滴文章按时间轴归档",
        "remark": "https://cn.ibossnewyork.com/wp-content/uploads/data/app/archiver.zip"
    },
{
        "id": 26,
        "username": "em相册",
        "name": "KLLER",
         "type":"pls",
        "version": "3.2",
        "date": "12/19/17",
        "pic":"https://coding.net/u/FLYERCN/p/kl_album-master/git/raw/master/preview.jpg",
        "des": "一款优秀的本地相册插件，并且支持将照片嵌入到文章内容中",
        "remark": "https://cn.ibossnewyork.com/wp-content/uploads/data/app/kl_album.zip"
    },
    {
        "id": 27,
        "username": "主题编辑",
        "name": "GodSon",
         "type":"pls",
        "version": "3.0",
        "date": "09/10/15",
        "pic":"https://www.drupal.org/files/project-images/ote_0.jpg",
        "des": "可以在线直接编辑你的主题文件",
        "remark": "https://cn.ibossnewyork.com/wp-content/uploads/data/app/themeseditor.zip"
    },
{
        "id": 28,
        "username": "图片本地化",
        "name": "奇遇",
         "type":"pls",
        "version": "1.2",
        "date": "12/29/11",
        "pic":"http://www.ningzhe.net/attachment/article/2014/03/29/5f18ed1f74.png",
        "des": "保存日志时将日志中的远程图片本地化",
        "remark": "https://cn.ibossnewyork.com/wp-content/uploads/data/app/img2local.zip"
    },
{
        "id": 29,
        "username": "独立下载页",
        "name": "lonewolf",
         "type":"pls",
        "version": "1.1",
        "date": "12/29/17",
        "pic":"http://www.wuiso.com/content/uploadfile/201706/264f1497018251.png",
        "des": "独立的下载页面方便自由化定制，插入广告，独立的查看演示页面，方便插入广告和自由化定制,具体请看安装说明",
        "remark": "https://cn.ibossnewyork.com/wp-content/uploads/data/app/cpdown.zip"
    },
{
        "id":30,
        "username": "百度收录",
        "name": "安乐窝",
         "type":"pls",
        "version": "1.2",
        "date": "12/29/17",
        "pic":"http://www.ymdseo.com/upfolder/e/image/20160528/1464400749877925.jpg",
        "des": "自动向百度提交文章链接，有利于百度的快速收录",
        "remark": "https://cn.ibossnewyork.com/wp-content/uploads/data/app/bd_submit.zip"
    },
{
        "id":31,
        "username": "反垃圾评论",
        "name": "vibbow",
         "type":"pls",
        "version": "3.3",
        "date": "12/29/17",
        "pic":"https://encrypted-tbn0.gstatic.com/images?q=tbn%3AANd9GcTmSdZALtBkjMI36nS3eLoCPOihVVa-rWlThcmUs9XKxkGJMghY",
        "des": "基于Akismet的智能反垃圾评论插件, 以方便无法注册的人4df98f8c9b2d",
        "remark": "https://cn.ibossnewyork.com/wp-content/uploads/data/app/akismet.zip"
    },
{
        "id":32,
        "username": "评论表情",
        "name": "Kevin",
         "type":"pls",
        "version": "1.0",
        "date": "12/29/17",
        "pic":"https://encrypted-tbn0.gstatic.com/images?q=tbn%3AANd9GcSbkmOKDeIyE8hrXEhlR6afszehb9fAEvQspF9VpnevhW-KoE0z",
        "des": "评论可添加表情功能，支持多组表情",
        "remark": "https://cn.ibossnewyork.com/wp-content/uploads/data/app/ulface.zip"
    },
    {
        "id":33,
        "username": "音乐收藏",
        "name": "FLYER",
         "type":"pls",
        "version": "1.0",
        "date": "02/19/18",
        "pic":"https://cn.ibossnewyork.com/wp-content/uploads/data/img/music.jpg",
        "des": "根据网易ID获取音乐,文章可以插入音乐,也可以独立页面显示音乐",
        "remark": "https://cn.ibossnewyork.com/wp-content/uploads/data/app/music.zip"
    },
    {
        "id":34,
        "username": "修复标签",
        "name": "FLYER",
         "type":"pls",
        "version": "1.0",
        "date": "02/19/18",
        "pic":"https://cn.ibossnewyork.com/wp-content/uploads/data/img/fixtags.png",
        "des": "修复5.3.1或者6.0升级6.0.1获取标签出现问题",
        "remark": "https://cn.ibossnewyork.com/wp-content/uploads/data/app/fixtags.zip"
    } ,
    {
        "id":35,
        "username": "新浪图床上传",
        "name": "杨小杰",
         "type":"pls",
        "version": "1.1",
        "date": "03/10/18",
        "pic":"https://cn.ibossnewyork.com/wp-content/uploads/data/img/sinaimg.jpg",
        "des": "这是一个新浪外链上传工具，免费新浪图床",
        "remark": "https://cn.ibossnewyork.com/wp-content/uploads/data/app/sinaimg.zip"
    },
    {
        "id":36,
        "username": "蜘蛛爬行记录",
        "name": "杨小杰",
         "type":"pls",
        "version": "2.0",
        "date": "03/10/18",
        "pic":"https://cn.ibossnewyork.com/wp-content/uploads/data/img/spider.jpg",
        "des": "各种蜘蛛爬行记录",
        "remark": "https://cn.ibossnewyork.com/wp-content/uploads/data/app/spider.zip"
    },
    {
        "id":37,
        "username": "反垃圾评论",
        "name": "奇遇",
         "type":"pls",
        "version": "3.5",
        "date": "03/10/18",
        "pic":"https://cn.ibossnewyork.com/wp-content/uploads/data/img/antispam.jpg",
        "des": "尝试判断垃圾评论并过滤之，可设置IP黑名单和屏蔽词汇",
        "remark": "https://cn.ibossnewyork.com/wp-content/uploads/data/app/antispam.zip"
    } ,
    {
        "id":38,
        "username": "文章二维码",
        "name": "杨小杰",
         "type":"pls",
        "version": "1.1",
        "date": "03/10/18",
        "pic":"https://ss3.bdstatic.com/70cFv8Sh_Q1YnxGkpoWK1HF6hhy/it/u=21989642,1689394351&fm=27&gp=0.jpg",
        "des": "文章二维码",
        "remark": "https://cn.ibossnewyork.com/wp-content/uploads/data/app/articleewm.zip"
    } ,
    {
        "id":39,
        "username": "微图册",
        "name": "瑾忆",
         "type":"pls",
        "version": "1.0",
        "date": "03/14/18",
        "pic":"https://cn.ibossnewyork.com/wp-content/uploads/data/img/img.jpg",
        "des": "小型图册,前台跟模板样式自行调整",
        "remark": "https://cn.ibossnewyork.com/wp-content/uploads/data/app/img.zip"
    }
]